,MAE,RMSE,R2
Random Forest,4.1323716869983045,5.428292868375186,0.8125727088522251
Gradient Boosting,4.299724894419789,5.610737956466821,0.7997621106949322
XGBoost,5.473202883542239,6.990997368802535,0.689125883322643
Linear Regression,2.2871085206425117,3.23238124380152,0.9335413610162357
